{"cameraMode":{"drawMode":0,"name":"Shaded","section":"Shading Mode"},"sceneLighting":false,"audioPlay":false,"sceneViewState":{"m_AlwaysRefresh":false,"showFog":false,"showSkybox":false,"showFlares":false,"showImageEffects":false,"showParticleSystems":false,"showVisualEffectGraphs":true,"m_FxEnabled":true},"in2DMode":false,"pivot":{"x":0.040741682052612308,"y":1.0902187824249268,"z":0.1319040060043335},"rotation":{"x":0.20988686382770539,"y":-0.019064275547862054,"z":0.004093313589692116,"w":0.9775312542915344},"size":2.2155160903930666,"orthographic":false}